Time, Date, Latitude, Longitude, Elevation, Speed (Knots), Angle, Fix, Quality, Satellites, Color Temp, Lux, R, G, B, C
5:21:44.300,9/26/2014,3403.8479N,11821.7177W,0.00,7.00,91.77,1,0,0,6056,9,13,14,12,31
5:21:45.363,9/26/2014,3403.8513N,11821.6865W,0.00,7.94,96.78,1,0,0,6009,15,17,21,17,50
5:21:46.363,9/26/2014,3403.8483N,11821.6865W,0.00,6.92,100.33,1,0,0,5993,18,21,26,21,63
5:21:47.367,9/26/2014,3403.8447N,11821.6835W,0.00,8.70,123.86,1,0,0,5544,29,30,38,29,98
5:21:48.367,9/26/2014,3403.8413N,11821.6816W,0.00,9.99,130.50,1,0,0,5593,20,22,27,21,67
5:21:49.367,9/26/2014,3403.8356N,11821.6816W,0.00,15.72,174.71,1,0,0,5325,18,18,23,17,57
5:21:50.367,9/26/2014,3403.8308N,11821.6816W,0.00,17.25,178.26,1,0,0,5442,15,17,21,16,51
5:21:51.363,9/26/2014,3403.8254N,11821.6845W,0.00,16.74,177.66,1,0,0,4710,15,17,20,14,45
5:21:53.0,9/26/2014,3403.8181N,11821.6835W,0.00,16.07,176.58,1,0,0,5351,17,23,25,20,58
5:21:54.0,9/26/2014,3403.8142N,11821.6835W,48.90,16.07,176.58,1,1,8,6008,13,21,22,19,45
5:21:54.0,9/26/2014,3403.8142N,11821.6835W,48.90,14.98,177.89,1,1,8,5634,23,34,36,30,75
5:21:55.0,9/26/2014,3403.8105N,11821.6826W,48.90,12.82,175.05,1,1,8,5324,29,44,45,37,89
5:21:56.0,9/26/2014,3403.8071N,11821.6816W,48.90,12.10,175.51,1,1,8,5507,32,52,52,44,94
5:21:57.0,9/26/2014,3403.8046N,11821.6816W,48.90,10.34,180.43,1,1,8,5840,30,54,52,46,93
5:21:58.0,9/26/2014,3403.8024N,11821.6816W,48.90,8.26,175.44,1,1,8,6295,26,48,46,42,82
5:21:59.0,9/26/2014,3403.8002N,11821.6806W,48.90,6.93,183.35,1,1,8,6060,17,30,29,26,55
5:22:0.0,9/26/2014,3403.7988N,11821.6806W,48.90,4.89,183.32,1,1,8,5427,15,25,25,21,51
5:22:1.0,9/26/2014,3403.7980N,11821.6806W,48.90,2.16,183.32,1,1,8,5749,13,22,22,19,47
5:22:2.0,9/26/2014,3403.7980N,11821.6806W,48.90,0.06,183.32,1,1,8,5736,12,18,19,16,44
5:22:3.0,9/26/2014,3403.7980N,11821.6796W,48.90,0.06,183.32,1,1,8,5487,10,12,14,11,34
5:22:4.0,9/26/2014,3403.7980N,11821.6796W,48.90,0.03,183.32,1,1,8,5154,9,13,14,11,32
5:22:5.0,9/26/2014,3403.7976N,11821.6796W,48.90,0.06,183.32,1,1,8,5703,11,22,20,18,42
5:22:6.0,9/26/2014,3403.7973N,11821.6796W,49.00,0.06,183.32,1,1,8,6604,20,43,39,37,74
5:22:6.0,9/26/2014,3403.7973N,11821.6796W,49.00,0.08,183.32,1,1,8,6287,23,47,43,40,80
5:22:7.0,9/26/2014,3403.7966N,11821.6796W,49.00,0.11,183.32,1,1,8,6244,30,60,55,51,98
5:22:8.0,9/26/2014,3403.7954N,11821.6796W,49.00,0.18,183.32,1,1,8,6265,31,65,59,55,106
5:22:9.0,9/26/2014,3403.7946N,11821.6796W,49.00,0.18,183.32,1,1,8,6276,37,75,69,64,122
5:22:9.0,9/26/2014,3403.7946N,11821.6796W,49.00,0.19,183.32,1,1,8,6287,46,94,86,80,148
5:22:10.0,9/26/2014,3403.7937N,11821.6796W,49.00,0.18,183.32,1,1,8,6276,47,98,89,83,154
5:22:11.0,9/26/2014,3403.7932N,11821.6796W,49.00,0.16,183.32,1,1,8,6229,51,101,93,86,161
5:22:12.0,9/26/2014,3403.7927N,11821.6796W,49.00,1.41,183.32,1,1,8,6250,51,102,94,87,165
5:22:13.0,9/26/2014,3403.7924N,11821.6796W,49.00,1.02,183.32,1,1,8,6306,54,101,96,88,170
5:22:14.0,9/26/2014,3403.7922N,11821.6806W,49.00,0.69,183.32,1,1,8,6417,52,101,95,88,170
5:22:15.0,9/26/2014,3403.7922N,11821.6806W,49.00,0.39,183.32,1,1,8,6415,52,109,99,93,168
5:22:16.0,9/26/2014,3403.7919N,11821.6806W,49.00,0.38,183.32,1,1,8,6415,52,109,99,93,167
5:22:17.0,9/26/2014,3403.7919N,11821.6806W,49.00,0.27,183.32,1,1,8,6481,56,109,102,95,179
5:22:18.0,9/26/2014,3403.7917N,11821.6806W,49.00,0.00,183.32,1,1,8,6411,50,88,87,79,161
5:22:19.0,9/26/2014,3403.7917N,11821.6806W,49.00,0.00,183.32,1,1,8,6371,49,78,81,72,153
5:22:20.0,9/26/2014,3403.7917N,11821.6806W,49.00,0.00,183.32,1,1,8,6220,49,80,81,72,155
5:22:21.0,9/26/2014,3403.7917N,11821.6806W,49.00,0.00,183.32,1,1,8,6483,62,120,113,105,197
5:22:22.0,9/26/2014,3403.7917N,11821.6806W,49.00,0.00,183.32,1,1,8,6516,63,122,115,107,200
5:22:23.0,9/26/2014,3403.7917N,11821.6806W,49.00,0.00,183.32,1,1,8,6476,65,129,120,112,207
5:22:24.0,9/26/2014,3403.7917N,11821.6806W,49.00,0.00,183.32,1,1,8,6532,64,123,116,108,201
5:22:25.0,9/26/2014,3403.7917N,11821.6806W,49.00,0.00,183.32,1,1,8,6418,65,122,116,107,200
5:22:26.0,9/26/2014,3403.7917N,11821.6806W,49.00,0.00,183.32,1,1,8,6376,65,124,117,108,203
5:22:27.0,9/26/2014,3403.7917N,11821.6806W,49.00,0.00,183.32,1,1,8,6545,62,119,113,105,197
5:22:28.0,9/26/2014,3403.7917N,11821.6806W,49.00,0.00,183.32,1,1,8,6577,63,121,115,107,199
5:22:29.0,9/26/2014,3403.7917N,11821.6806W,49.00,0.00,183.32,1,1,8,6376,65,124,117,108,202
5:22:30.0,9/26/2014,3403.7917N,11821.6806W,49.00,0.00,183.32,1,1,8,6374,57,101,99,90,182
5:22:31.0,9/26/2014,3403.7917N,11821.6806W,49.00,0.00,183.32,1,1,8,6338,53,90,90,81,168
5:22:32.0,9/26/2014,3403.7917N,11821.6806W,49.00,0.00,183.32,1,1,8,6269,53,83,86,76,165
5:22:32.0,9/26/2014,3403.7917N,11821.6806W,49.00,0.46,183.32,1,1,8,6187,55,84,88,77,173
5:22:33.0,9/26/2014,3403.7915N,11821.6806W,49.00,1.51,183.32,1,1,8,6138,56,82,88,76,177
5:22:34.0,9/26/2014,3403.7912N,11821.6806W,49.00,2.51,183.32,1,1,8,5965,57,82,88,75,182
5:22:35.0,9/26/2014,3403.7893N,11821.6806W,49.00,2.51,183.32,1,1,9,5885,60,86,92,78,193
5:22:35.0,9/26/2014,3403.7893N,11821.6806W,49.00,7.60,180.49,1,1,9,5922,55,84,87,75,182
5:22:36.0,9/26/2014,3403.7866N,11821.6806W,49.00,10.04,181.69,1,1,9,5993,49,79,80,70,170
5:22:37.0,9/26/2014,3403.7836N,11821.6806W,49.00,11.83,172.86,1,1,9,5547,42,70,69,59,146
5:22:38.0,9/26/2014,3403.7802N,11821.6796W,48.90,11.83,172.86,1,1,9,5605,33,59,56,49,121
5:22:38.0,9/26/2014,3403.7802N,11821.6796W,48.90,12.56,162.41,1,1,9,5233,26,48,44,38,91
5:22:39.0,9/26/2014,3403.7773N,11821.6777W,48.90,11.77,145.08,1,1,9,5257,23,38,37,31,77
5:22:40.0,9/26/2014,3403.7758N,11821.6738W,48.90,12.09,115.39,1,1,9,4742,26,34,36,27,74
5:22:41.0,9/26/2014,3403.7744N,11821.6699W,48.90,11.63,111.68,1,1,9,4625,27,33,36,26,75
5:22:42.0,9/26/2014,3403.7741N,11821.6650W,48.90,15.58,95.34,1,1,9,4906,15,21,22,17,47
5:22:43.0,9/26/2014,3403.7736N,11821.6591W,48.90,17.59,95.50,1,1,9,5068,13,21,21,17,45
5:22:44.0,9/26/2014,3403.7731N,11821.6533W,49.00,17.59,95.50,1,1,9,4814,14,20,21,16,44
5:22:44.0,9/26/2014,3403.7731N,11821.6533W,49.00,19.10,99.43,1,1,9,4906,15,21,22,17,46
5:22:45.0,9/26/2014,3403.7722N,11821.6464W,49.00,20.18,99.05,1,1,9,4721,21,26,29,21,61
5:22:46.0,9/26/2014,3403.7714N,11821.6406W,49.00,20.23,98.03,1,1,9,4684,36,39,46,32,100
5:22:47.0,9/26/2014,3403.7707N,11821.6337W,49.00,20.69,97.43,1,1,9,5226,24,28,33,25,71
5:22:48.0,9/26/2014,3403.7697N,11821.6269W,49.00,20.76,97.35,1,1,9,6296,23,31,35,30,75
5:22:49.0,9/26/2014,3403.7687N,11821.6191W,49.00,21.12,97.80,1,1,9,6201,22,29,33,28,72
5:22:50.0,9/26/2014,3403.7678N,11821.6123W,49.00,22.35,101.64,1,1,9,6425,12,21,21,19,42
5:22:51.0,9/26/2014,3403.7666N,11821.6054W,49.00,23.05,102.39,1,1,9,6036,10,17,17,15,30
5:22:52.0,9/26/2014,3403.7651N,11821.5976W,49.00,20.62,101.59,1,1,9,5173,11,20,19,16,34
5:22:53.0,9/26/2014,3403.7639N,11821.5917W,50.30,20.62,101.59,1,1,10,5173,11,20,19,16,34
5:22:53.0,9/26/2014,3403.7639N,11821.5917W,50.30,18.33,98.79,1,1,10,5330,9,19,17,15,30
5:22:54.0,9/26/2014,3403.7634N,11821.5859W,50.30,15.01,97.53,1,1,10,5803,10,19,18,16,32
5:22:55.0,9/26/2014,3403.7626N,11821.5820W,50.30,13.22,103.75,1,1,10,5490,13,23,22,19,41
5:22:56.0,9/26/2014,3403.7626N,11821.5791W,48.60,13.22,103.75,1,1,10,5726,18,29,29,25,55
5:22:56.0,9/26/2014,3403.7626N,11821.5791W,48.60,10.33,97.35,1,1,10,4839,32,42,45,34,91
5:22:57.0,9/26/2014,3403.7622N,11821.5771W,48.60,6.84,97.98,1,1,10,4587,39,52,54,40,115
5:22:58.0,9/26/2014,3403.7622N,11821.5751W,48.60,5.08,96.99,1,1,10,4281,47,59,62,43,136
5:22:59.0,9/26/2014,3403.7622N,11821.5742W,48.60,4.13,87.89,1,1,10,4164,50,62,65,44,149
5:23:0.0,9/26/2014,3403.7619N,11821.5722W,48.60,6.46,97.84,1,1,10,4481,45,61,63,46,134
5:23:1.0,9/26/2014,3403.7617N,11821.5693W,48.60,8.50,97.71,1,1,10,4795,42,58,60,46,124
5:23:2.0,9/26/2014,3403.7612N,11821.5664W,49.50,8.50,97.71,1,2,10,5159,34,48,50,40,98
5:23:2.0,9/26/2014,3403.7612N,11821.5664W,49.50,10.69,95.13,1,2,10,5789,26,41,42,36,82
5:23:3.0,9/26/2014,3403.7609N,11821.5625W,49.50,12.68,94.54,1,2,10,5695,25,39,40,34,78
5:23:4.0,9/26/2014,3403.7604N,11821.5576W,49.50,14.92,96.73,1,2,10,4747,45,56,61,45,129
5:23:5.0,9/26/2014,3403.7600N,11821.5527W,49.20,14.92,96.73,1,2,10,3919,63,83,83,55,188
5:23:5.0,9/26/2014,3403.7600N,11821.5527W,49.20,16.61,96.47,1,2,10,4092,51,71,70,49,157
5:23:6.0,9/26/2014,3403.7592N,11821.5468W,49.20,17.71,96.42,1,2,10,4829,33,45,47,36,98
5:23:7.0,9/26/2014,3403.7587N,11821.5400W,49.20,19.01,97.24,1,2,10,6295,13,24,23,21,41
5:23:8.0,9/26/2014,3403.7580N,11821.5341W,49.20,19.73,97.10,1,2,10,5457,17,29,28,24,50
5:23:9.0,9/26/2014,3403.7573N,11821.5273W,49.20,20.19,96.12,1,2,10,5274,18,29,29,24,54
5:23:10.0,9/26/2014,3403.7563N,11821.5195W,49.20,22.04,98.54,1,2,10,5127,22,31,33,26,62
5:23:11.0,9/26/2014,3403.7556N,11821.5126W,49.20,22.40,96.19,1,2,10,4398,35,44,47,33,96
5:23:12.0,9/26/2014,3403.7546N,11821.5048W,49.20,22.43,94.99,1,2,10,5210,22,29,32,25,66
5:23:13.0,9/26/2014,3403.7539N,11821.4970W,49.20,22.75,97.45,1,2,10,4186,48,54,60,39,137
5:23:14.0,9/26/2014,3403.7531N,11821.4892W,49.20,23.28,96.41,1,2,10,3781,65,77,80,49,193
5:23:15.0,9/26/2014,3403.7521N,11821.4824W,49.20,23.21,97.52,1,2,10,4646,23,26,30,21,62
5:23:16.0,9/26/2014,3403.7517N,11821.4736W,49.20,23.15,94.87,1,2,10,4310,26,28,32,21,66
5:23:17.0,9/26/2014,3403.7507N,11821.4658W,49.20,23.87,98.47,1,2,10,4715,23,24,29,20,58
5:23:18.0,9/26/2014,3403.7500N,11821.4580W,49.20,24.30,99.65,1,2,10,4022,26,29,32,20,68
5:23:19.0,9/26/2014,3403.7490N,11821.4501W,49.20,24.26,98.99,1,2,10,5622,7,10,11,9,22
5:23:20.0,9/26/2014,3403.7480N,11821.4414W,49.50,24.26,98.99,1,2,9,5920,4,8,8,7,17
5:23:20.0,9/26/2014,3403.7480N,11821.4414W,49.50,24.65,97.98,1,2,9,5164,7,11,11,9,23
5:23:21.0,9/26/2014,3403.7473N,11821.4335W,49.50,24.22,95.91,1,2,9,4960,17,20,23,17,48
5:23:22.0,9/26/2014,3403.7465N,11821.4257W,49.50,23.95,96.10,1,2,9,4041,36,42,45,29,103
5:23:23.0,9/26/2014,3403.7460N,11821.4169W,49.50,23.97,94.01,1,2,9,5164,7,11,11,9,23
5:23:24.0,9/26/2014,3403.7456N,11821.4091W,49.50,23.72,91.55,1,2,9,4750,6,9,9,7,17
5:23:25.0,9/26/2014,3403.7456N,11821.4013W,49.50,24.08,90.02,1,2,9,6144,5,9,9,8,18
5:23:26.0,9/26/2014,3403.7453N,11821.3935W,49.50,24.10,90.52,1,2,9,4921,11,13,15,11,29
5:23:27.0,9/26/2014,3403.7451N,11821.3847W,49.50,24.03,90.90,1,2,9,6971,6,9,10,9,21
5:23:28.0,9/26/2014,3403.7451N,11821.3769W,49.50,23.67,90.67,1,2,9,5622,7,10,11,9,22
5:23:29.0,9/26/2014,3403.7448N,11821.3691W,49.50,22.51,89.59,1,2,9,5772,14,18,21,17,45
5:23:30.0,9/26/2014,3403.7446N,11821.3613W,49.50,23.00,90.90,1,2,9,5189,26,26,33,24,70
5:23:31.0,9/26/2014,3403.7446N,11821.3544W,49.50,22.72,91.40,1,2,9,5117,26,28,34,25,75
5:23:32.0,9/26/2014,3403.7443N,11821.3466W,49.50,22.17,92.49,1,2,9,4114,29,34,37,24,84
5:23:33.0,9/26/2014,3403.7443N,11821.3398W,49.50,21.81,92.74,1,2,9,4594,18,23,25,18,55
5:23:34.0,9/26/2014,3403.7446N,11821.3330W,49.50,20.66,91.77,1,2,9,5253,12,16,18,14,39
5:23:35.0,9/26/2014,3403.7441N,11821.3261W,49.50,18.88,92.02,1,2,9,4518,18,22,24,17,53
5:23:36.0,9/26/2014,3403.7438N,11821.3203W,49.50,16.27,92.06,1,2,9,5145,15,17,20,15,42
5:23:37.0,9/26/2014,3403.7434N,11821.3154W,49.50,13.59,91.87,1,2,9,5721,11,14,16,13,33
5:23:38.0,9/26/2014,3403.7431N,11821.3115W,49.50,10.22,92.12,1,2,9,4906,15,21,22,17,47
5:23:39.0,9/26/2014,3403.7431N,11821.3095W,49.50,6.89,92.34,1,2,9,4517,21,26,28,20,59
5:23:40.0,9/26/2014,3403.7431N,11821.3076W,52.00,6.89,92.34,1,2,10,4233,24,29,31,21,68
5:23:40.0,9/26/2014,3403.7431N,11821.3076W,52.00,6.52,93.10,1,2,10,4233,24,29,31,21,70
5:23:41.0,9/26/2014,3403.7429N,11821.3046W,52.00,8.82,91.72,1,2,10,5090,21,27,30,23,67
5:23:42.0,9/26/2014,3403.7429N,11821.3017W,52.00,11.35,91.15,1,2,10,5867,19,23,27,22,59
5:23:43.0,9/26/2014,3403.7429N,11821.2968W,52.00,13.96,92.25,1,2,10,7191,16,20,25,22,54
5:23:44.0,9/26/2014,3403.7429N,11821.2919W,52.00,16.44,91.67,1,2,10,4912,26,34,37,28,82
5:23:45.0,9/26/2014,3403.7424N,11821.2861W,52.00,18.68,92.10,1,2,10,3902,36,47,47,31,110
5:23:46.0,9/26/2014,3403.7421N,11821.2792W,52.00,18.68,92.10,1,2,10,4632,24,32,34,25,74
5:23:46.0,9/26/2014,3403.7421N,11821.2792W,52.00,20.33,92.72,1,2,10,4836,13,22,21,17,45
5:23:47.0,9/26/2014,3403.7421N,11821.2724W,52.00,21.28,91.96,1,2,10,4618,11,22,19,16,41
5:23:48.0,9/26/2014,3403.7416N,11821.2656W,52.00,22.07,91.57,1,2,10,1650,16,78,40,29,127
5:23:49.0,9/26/2014,3403.7412N,11821.2578W,51.50,22.07,91.57,1,2,10,2153,14,50,30,23,86
5:23:49.0,9/26/2014,3403.7412N,11821.2578W,51.50,22.12,92.48,1,2,10,4294,8,22,17,15,40
5:23:50.0,9/26/2014,3403.7409N,11821.2509W,51.50,22.65,92.91,1,2,10,5258,8,15,14,12,29
5:23:51.0,9/26/2014,3403.7404N,11821.2431W,51.50,22.85,92.21,1,2,10,4515,13,17,18,13,36
5:23:52.0,9/26/2014,3403.7399N,11821.2353W,51.50,23.96,95.51,1,2,10,4921,11,13,15,11,30
5:23:53.0,9/26/2014,3403.7397N,11821.2275W,51.50,24.28,92.61,1,2,10,5065,17,18,22,16,48
5:23:54.0,9/26/2014,3403.7395N,11821.2187W,51.50,24.11,91.84,1,2,10,3676,36,44,45,27,106
5:23:55.0,9/26/2014,3403.7392N,11821.2109W,51.50,24.08,91.59,1,2,10,3847,32,40,41,26,98
5:23:56.0,9/26/2014,3403.7390N,11821.2031W,51.50,24.43,91.46,1,2,10,5344,3,6,6,5,13
5:23:57.0,9/26/2014,3403.7387N,11821.1953W,51.50,24.46,91.39,1,2,10,3859,23,26,28,17,64
5:23:58.0,9/26/2014,3403.7382N,11821.1865W,50.70,24.46,91.39,1,2,9,3830,29,34,36,22,84
5:23:58.0,9/26/2014,3403.7382N,11821.1865W,50.70,24.38,90.34,1,2,9,4620,15,16,19,13,41
5:23:59.0,9/26/2014,3403.7382N,11821.1787W,50.70,23.08,91.72,1,2,9,5253,6,8,9,7,19
5:24:0.0,9/26/2014,3403.7380N,11821.1708W,50.70,22.58,89.52,1,2,9,4526,9,10,12,8,26
5:24:1.0,9/26/2014,3403.7380N,11821.1630W,50.70,22.85,90.37,1,2,9,4378,9,9,11,7,24
5:24:2.0,9/26/2014,3403.7375N,11821.1552W,50.70,23.32,90.74,1,2,9,6082,7,9,11,9,26
5:24:3.0,9/26/2014,3403.7375N,11821.1474W,50.70,23.38,90.71,1,2,9,4020,23,23,27,16,60
5:24:4.0,9/26/2014,3403.7380N,11821.1396W,49.60,23.38,90.71,1,2,10,3972,21,22,25,15,56
5:24:4.0,9/26/2014,3403.7380N,11821.1396W,49.60,22.60,82.19,1,2,10,4326,13,13,16,10,33
5:24:5.0,9/26/2014,3403.7385N,11821.1318W,49.60,22.12,85.24,1,2,10,5065,8,9,11,8,23
5:24:6.0,9/26/2014,3403.7387N,11821.1240W,49.60,23.37,90.81,1,2,10,4258,20,20,24,15,51
5:24:7.0,9/26/2014,3403.7387N,11821.1162W,50.40,23.37,90.81,1,2,10,4378,19,21,24,16,53
5:24:7.0,9/26/2014,3403.7387N,11821.1162W,50.40,24.07,90.31,1,2,10,4959,14,15,18,13,38
5:24:8.0,9/26/2014,3403.7385N,11821.1083W,50.40,23.24,91.44,1,2,10,5721,11,14,16,13,34
5:24:9.0,9/26/2014,3403.7382N,11821.1005W,50.40,22.53,91.44,1,2,10,4602,18,20,23,16,48
5:24:10.0,9/26/2014,3403.7380N,11821.0927W,50.40,21.84,91.06,1,2,10,4744,20,20,25,17,54
5:24:11.0,9/26/2014,3403.7380N,11821.0859W,50.40,21.55,91.35,1,2,10,5832,12,19,20,17,41
5:24:12.0,9/26/2014,3403.7377N,11821.0781W,50.40,22.03,91.47,1,2,10,4994,15,22,23,18,47
5:24:13.0,9/26/2014,3403.7375N,11821.0712W,50.50,22.03,91.47,1,2,9,4250,29,31,36,23,78
5:24:13.0,9/26/2014,3403.7375N,11821.0712W,50.50,22.63,91.97,1,2,9,4441,17,18,21,14,45
5:24:14.0,9/26/2014,3403.7373N,11821.0634W,50.50,22.59,91.25,1,2,9,5065,8,9,11,8,24
5:24:15.0,9/26/2014,3403.7373N,11821.0556W,50.50,21.80,91.84,1,2,9,5038,5,7,8,6,17
5:24:16.0,9/26/2014,3403.7370N,11821.0488W,50.90,21.80,91.84,1,2,8,4797,5,6,7,5,16
5:24:16.0,9/26/2014,3403.7370N,11821.0488W,50.90,21.47,91.43,1,2,8,4645,12,12,15,10,33
5:24:17.0,9/26/2014,3403.7370N,11821.0410W,50.90,21.53,91.01,1,2,8,4531,18,17,22,14,49
5:24:18.0,9/26/2014,3403.7368N,11821.0341W,50.90,22.30,91.19,1,2,8,4690,17,18,22,15,49
5:24:19.0,9/26/2014,3403.7368N,11821.0273W,51.70,22.30,91.19,1,2,9,5085,25,24,31,22,71
5:24:19.0,9/26/2014,3403.7368N,11821.0273W,51.70,22.24,85.31,1,2,9,4181,47,48,56,35,130
5:24:20.0,9/26/2014,3403.7368N,11821.0195W,51.70,21.26,91.07,1,2,9,4482,34,37,43,29,97
5:24:21.0,9/26/2014,3403.7363N,11821.0126W,51.70,19.91,90.92,1,2,9,5288,18,21,25,19,55
5:24:22.0,9/26/2014,3403.7360N,11821.0058W,50.70,19.91,90.92,1,2,9,5772,14,18,21,17,48
5:24:22.0,9/26/2014,3403.7360N,11821.0058W,50.70,18.41,91.18,1,2,9,5216,18,20,24,18,53
5:24:23.0,9/26/2014,3403.7360N,11821.0000W,50.70,17.59,91.36,1,2,9,4578,29,28,35,23,77
5:24:24.0,9/26/2014,3403.7360N,11820.9941W,50.70,17.57,91.33,1,2,9,4859,27,28,34,24,76
5:24:25.0,9/26/2014,3403.7358N,11820.9882W,50.70,18.22,90.18,1,2,9,4960,17,20,23,17,50
5:24:26.0,9/26/2014,3403.7358N,11820.9824W,50.70,18.58,90.34,1,2,9,5145,15,17,20,15,45
5:24:27.0,9/26/2014,3403.7358N,11820.9755W,50.70,17.95,89.79,1,2,9,4658,33,34,41,28,94
5:24:28.0,9/26/2014,3403.7358N,11820.9697W,50.70,17.39,90.57,1,2,9,3936,66,73,80,49,195
5:24:29.0,9/26/2014,3403.7351N,11820.9638W,50.70,19.94,103.48,1,2,9,5502,33,31,42,31,94
5:24:30.0,9/26/2014,3403.7346N,11820.9580W,50.70,16.87,91.85,1,2,9,4903,53,43,61,40,132
5:24:31.0,9/26/2014,3403.7343N,11820.9531W,50.40,16.87,91.85,1,2,9,4623,67,51,74,45,159
5:24:31.0,9/26/2014,3403.7343N,11820.9531W,50.40,15.86,91.73,1,2,9,4943,40,33,47,31,98
5:24:32.0,9/26/2014,3403.7343N,11820.9472W,50.40,14.74,91.90,1,2,9,5388,24,24,31,23,64
5:24:33.0,9/26/2014,3403.7341N,11820.9433W,50.40,13.09,92.27,1,2,9,5668,17,20,24,19,48
5:24:34.0,9/26/2014,3403.7341N,11820.9394W,50.40,9.97,92.42,1,2,9,5537,14,19,21,17,42
5:24:35.0,9/26/2014,3403.7341N,11820.9365W,50.40,5.30,91.34,1,2,9,5311,18,26,27,22,53
5:24:36.0,9/26/2014,3403.7341N,11820.9355W,50.40,2.33,91.34,1,2,9,5253,19,24,27,21,52
5:24:37.0,9/26/2014,3403.7341N,11820.9345W,50.40,2.02,91.34,1,2,9,5112,18,22,25,19,51
5:24:38.0,9/26/2014,3403.7338N,11820.9345W,50.40,2.25,91.34,1,2,9,4656,21,25,28,20,57
5:24:39.0,9/26/2014,3403.7338N,11820.9335W,50.40,2.46,91.34,1,2,9,4721,21,26,29,21,61
5:24:40.0,9/26/2014,3403.7338N,11820.9326W,50.40,3.46,91.95,1,2,9,4577,25,29,33,23,67
5:24:41.0,9/26/2014,3403.7338N,11820.9316W,50.40,5.16,91.62,1,2,9,4166,31,38,40,27,86
5:24:42.0,9/26/2014,3403.7336N,11820.9296W,50.40,6.74,91.36,1,2,9,3942,29,39,39,26,85
5:24:43.0,9/26/2014,3403.7336N,11820.9277W,49.50,6.74,91.36,1,2,9,3979,31,40,41,27,89
5:24:43.0,9/26/2014,3403.7336N,11820.9277W,49.50,6.38,89.43,1,2,9,4257,32,40,42,29,89
5:24:44.0,9/26/2014,3403.7336N,11820.9257W,49.50,4.71,89.82,1,2,9,4614,29,37,40,29,82
5:24:45.0,9/26/2014,3403.7336N,11820.9238W,49.50,6.07,89.78,1,2,9,4742,26,34,36,27,72
5:24:46.0,9/26/2014,3403.7336N,11820.9238W,49.50,3.86,94.75,1,2,9,5382,18,27,28,23,54
5:24:47.0,9/26/2014,3403.7336N,11820.9228W,49.50,2.18,94.75,1,2,9,5451,19,28,29,24,55
5:24:48.0,9/26/2014,3403.7324N,11820.9238W,49.50,2.18,94.75,1,2,9,5382,18,27,28,23,53
5:24:49.0,9/26/2014,3403.7329N,11820.9228W,49.50,1.54,94.75,1,2,9,5507,16,26,26,22,50
5:24:50.0,9/26/2014,3403.7333N,11820.9218W,49.50,0.03,94.75,1,2,9,5507,16,26,26,22,51
5:24:51.0,9/26/2014,3403.7333N,11820.9218W,49.50,0.08,94.75,1,2,9,5479,15,22,23,19,46
5:24:52.0,9/26/2014,3403.7333N,11820.9218W,49.50,0.17,94.75,1,2,9,5537,14,19,21,17,42
5:24:53.0,9/26/2014,3403.7333N,11820.9218W,49.50,0.24,94.75,1,2,9,5832,12,19,20,17,41
5:24:54.0,9/26/2014,3403.7333N,11820.9208W,49.50,3.54,93.55,1,2,9,5832,12,19,20,17,41
5:24:55.0,9/26/2014,3403.7333N,11820.9189W,49.00,3.54,93.55,1,2,10,5537,14,19,21,17,41
5:24:55.0,9/26/2014,3403.7333N,11820.9189W,49.00,5.50,91.71,1,2,10,5832,12,19,20,17,40
5:24:56.0,9/26/2014,3403.7331N,11820.9169W,49.00,7.96,90.12,1,2,10,5353,13,17,19,15,38
5:24:57.0,9/26/2014,3403.7331N,11820.9140W,49.00,10.24,90.80,1,2,10,4982,19,22,26,19,53
5:24:58.0,9/26/2014,3403.7329N,11820.9101W,48.50,10.24,90.80,1,2,9,4730,28,30,36,25,75
5:24:58.0,9/26/2014,3403.7329N,11820.9101W,48.50,12.12,91.83,1,2,9,4127,40,45,50,32,111
5:24:59.0,9/26/2014,3403.7329N,11820.9052W,48.50,13.59,91.88,1,2,9,3919,45,51,55,34,125
5:25:0.0,9/26/2014,3403.7326N,11820.9003W,48.50,14.61,91.58,1,2,9,4229,37,41,46,30,103
5:25:1.0,9/26/2014,3403.7326N,11820.8955W,48.70,14.61,91.58,1,2,9,5164,29,31,38,28,88
5:25:1.0,9/26/2014,3403.7326N,11820.8955W,48.70,15.35,91.30,1,2,9,4871,30,33,39,28,92
5:25:2.0,9/26/2014,3403.7326N,11820.8906W,48.70,16.39,91.38,1,2,9,4463,25,30,33,23,79
5:25:3.0,9/26/2014,3403.7324N,11820.8847W,48.70,17.01,91.61,1,2,9,4753,19,22,25,18,58
5:25:4.0,9/26/2014,3403.7324N,11820.8789W,48.70,17.35,92.14,1,2,9,5065,8,9,11,8,23
5:25:5.0,9/26/2014,3403.7321N,11820.8730W,48.70,17.33,91.29,1,2,9,5253,6,8,9,7,18
5:25:6.0,9/26/2014,3403.7321N,11820.8671W,48.70,16.52,91.75,1,2,9,5487,10,12,14,11,27
5:25:7.0,9/26/2014,3403.7319N,11820.8623W,49.00,16.52,91.75,1,2,8,4744,20,20,25,17,49
5:25:7.0,9/26/2014,3403.7319N,11820.8623W,49.00,15.78,93.63,1,2,8,4725,22,21,27,18,54
5:25:8.0,9/26/2014,3403.7316N,11820.8564W,49.00,14.78,92.31,1,2,8,5274,14,15,19,14,37
5:25:9.0,9/26/2014,3403.7316N,11820.8515W,49.00,14.38,93.48,1,2,8,5931,10,12,15,12,30
5:25:10.0,9/26/2014,3403.7312N,11820.8466W,49.20,14.38,93.48,1,2,10,5487,10,12,14,11,29
5:25:10.0,9/26/2014,3403.7312N,11820.8466W,49.20,14.00,95.06,1,2,10,5410,12,14,17,13,35
5:25:11.0,9/26/2014,3403.7309N,11820.8427W,49.20,13.48,93.45,1,2,10,5067,31,39,43,33,96
5:25:12.0,9/26/2014,3403.7307N,11820.8378W,49.20,13.26,93.71,1,2,10,4574,45,63,64,48,151
5:25:13.0,9/26/2014,3403.7307N,11820.8339W,49.20,13.27,92.57,1,2,10,4599,47,70,69,53,166
5:25:14.0,9/26/2014,3403.7304N,11820.8291W,49.20,13.64,91.91,1,2,10,5580,29,39,43,35,95
5:25:15.0,9/26/2014,3403.7304N,11820.8242W,49.20,13.90,92.26,1,2,10,5416,41,53,59,47,124
5:25:16.0,9/26/2014,3403.7302N,11820.8193W,48.60,13.90,92.26,1,2,9,4979,50,59,67,50,148
5:25:16.0,9/26/2014,3403.7302N,11820.8193W,48.60,13.97,91.71,1,2,9,5180,40,48,55,42,123
5:25:17.0,9/26/2014,3403.7299N,11820.8144W,48.60,14.46,89.70,1,2,9,5813,30,37,43,35,92
5:25:18.0,9/26/2014,3403.7299N,11820.8095W,48.60,14.07,91.14,1,2,9,5868,20,27,30,25,57
5:25:19.0,9/26/2014,3403.7299N,11820.8056W,48.60,13.28,92.03,1,2,9,5229,26,35,38,30,72
5:25:20.0,9/26/2014,3403.7297N,11820.8007W,48.60,11.50,92.68,1,2,9,4427,51,70,71,52,138
5:25:21.0,9/26/2014,3403.7297N,11820.7978W,48.60,8.65,91.73,1,2,9,4650,49,78,75,59,140
5:25:22.0,9/26/2014,3403.7297N,11820.7949W,48.60,6.78,90.60,1,2,9,5758,31,64,57,52,96
5:25:23.0,9/26/2014,3403.7297N,11820.7929W,48.60,5.25,87.30,1,2,9,5909,28,60,53,49,87
5:25:24.0,9/26/2014,3403.7299N,11820.7919W,48.60,3.45,81.02,1,2,9,5823,28,62,54,50,87
5:25:25.0,9/26/2014,3403.7299N,11820.7910W,48.60,2.87,81.02,1,2,9,6055,24,55,48,45,76
5:25:26.0,9/26/2014,3403.7299N,11820.7900W,48.60,2.62,81.02,1,2,9,6956,16,45,37,37,59
5:25:27.0,9/26/2014,3403.7299N,11820.7890W,48.60,0.11,81.02,1,2,9,6386,18,47,39,38,60
5:25:28.0,9/26/2014,3403.7299N,11820.7890W,48.60,0.02,81.02,1,2,9,6767,16,47,38,38,60
5:25:29.0,9/26/2014,3403.7299N,11820.7890W,48.60,0.01,81.02,1,2,9,6443,19,48,40,39,61
5:25:30.0,9/26/2014,3403.7299N,11820.7890W,48.60,0.02,81.02,1,2,9,6386,18,47,39,38,60
5:25:31.0,9/26/2014,3403.7299N,11820.7890W,48.60,0.01,81.02,1,2,9,6901,16,44,36,36,57
5:25:32.0,9/26/2014,3403.7299N,11820.7890W,48.60,0.00,81.02,1,2,9,6649,19,47,40,39,61
5:25:33.0,9/26/2014,3403.7299N,11820.7890W,48.60,0.00,81.02,1,2,9,7008,17,46,38,38,58
5:25:34.0,9/26/2014,3403.7299N,11820.7890W,48.60,0.00,81.02,1,2,9,6585,15,36,31,30,49
5:25:35.0,9/26/2014,3403.7299N,11820.7890W,48.60,0.32,81.02,1,2,9,6650,14,32,28,27,45
5:25:36.0,9/26/2014,3403.7307N,11820.7890W,48.60,0.17,81.02,1,2,9,6478,11,25,22,21,37
5:25:37.0,9/26/2014,3403.7307N,11820.7880W,48.60,0.30,81.02,1,2,9,5558,12,20,20,17,37
5:25:38.0,9/26/2014,3403.7314N,11820.7871W,48.60,5.25,62.01,1,2,9,5393,14,21,22,18,41
5:25:39.0,9/26/2014,3403.7321N,11820.7851W,48.60,6.74,77.02,1,2,9,5012,18,24,26,20,49
5:25:40.0,9/26/2014,3403.7324N,11820.7832W,48.60,8.49,100.62,1,2,9,4639,24,29,32,23,63
5:25:41.0,9/26/2014,3403.7324N,11820.7802W,48.60,9.90,102.00,1,2,9,4577,25,29,33,23,68
5:25:42.0,9/26/2014,3403.7321N,11820.7763W,52.90,9.90,102.00,1,2,9,4571,28,33,37,26,78
5:25:42.0,9/26/2014,3403.7321N,11820.7763W,52.90,10.29,94.11,1,2,9,4871,30,33,39,28,82
5:25:43.0,9/26/2014,3403.7321N,11820.7734W,52.90,11.28,91.08,1,2,9,5161,32,33,41,30,85
5:25:44.0,9/26/2014,3403.7319N,11820.7695W,52.90,12.51,89.59,1,2,9,5417,34,36,45,34,93
5:25:45.0,9/26/2014,3403.7314N,11820.7646W,52.90,13.34,93.92,1,2,9,4677,60,52,70,45,145
5:25:46.0,9/26/2014,3403.7312N,11820.7607W,52.90,14.35,89.11,1,2,9,5009,51,47,62,43,129
5:25:47.0,9/26/2014,3403.7312N,11820.7558W,52.90,14.39,88.54,1,2,9,5550,35,36,46,35,93
5:25:48.0,9/26/2014,3403.7312N,11820.7509W,52.90,13.99,88.95,1,2,9,6457,23,30,35,30,72
5:25:49.0,9/26/2014,3403.7309N,11820.7460W,52.90,13.13,89.68,1,2,9,8403,46,82,85,83,165
5:25:50.0,9/26/2014,3403.7307N,11820.7421W,52.90,11.70,89.41,1,2,9,6976,58,95,99,91,215
5:25:51.0,9/26/2014,3403.7304N,11820.7382W,52.90,10.68,87.25,1,2,9,5226,66,102,102,84,232
5:25:52.0,9/26/2014,3403.7299N,11820.7343W,52.90,9.29,76.68,1,2,9,6454,33,50,53,47,107
5:25:53.0,9/26/2014,3403.7297N,11820.7314W,52.90,8.38,91.12,1,2,9,6280,27,44,45,40,88
5:25:54.0,9/26/2014,3403.7294N,11820.7285W,52.90,7.07,100.34,1,2,9,6655,17,26,28,25,57
5:25:55.0,9/26/2014,3403.7294N,11820.7275W,52.90,6.04,94.59,1,2,9,5971,23,37,38,33,71
5:25:56.0,9/26/2014,3403.7299N,11820.7255W,52.90,4.44,91.46,1,2,9,5774,32,52,52,45,98
5:25:57.0,9/26/2014,3403.7297N,11820.7246W,52.90,2.83,91.46,1,2,9,5892,44,75,74,65,135
5:25:58.0,9/26/2014,3403.7297N,11820.7236W,52.90,2.34,91.46,1,2,9,5717,46,76,75,65,137
5:25:59.0,9/26/2014,3403.7297N,11820.7226W,52.90,1.86,91.46,1,2,9,5819,46,76,76,66,140
5:26:0.0,9/26/2014,3403.7297N,11820.7226W,52.90,1.42,91.46,1,2,9,5411,50,77,78,65,148
5:26:1.0,9/26/2014,3403.7297N,11820.7216W,52.90,0.06,91.46,1,2,9,5282,51,78,79,65,151
5:26:2.0,9/26/2014,3403.7297N,11820.7216W,52.90,0.00,91.46,1,2,9,5307,52,79,80,66,152
5:26:3.0,9/26/2014,3403.7297N,11820.7216W,52.90,0.00,91.46,1,2,9,5256,51,77,78,64,151
5:26:4.0,9/26/2014,3403.7297N,11820.7216W,52.90,0.00,91.46,1,2,9,5256,51,77,78,64,150
5:26:5.0,9/26/2014,3403.7297N,11820.7216W,52.90,0.00,91.46,1,2,9,5295,51,75,77,63,148
5:26:6.0,9/26/2014,3403.7297N,11820.7216W,52.90,0.02,91.46,1,2,9,5400,49,73,75,62,146
5:26:7.0,9/26/2014,3403.7297N,11820.7216W,52.90,0.07,91.46,1,2,9,5269,50,74,76,62,150
5:26:8.0,9/26/2014,3403.7297N,11820.7216W,52.90,0.11,91.46,1,2,9,5148,51,75,77,62,153
5:26:9.0,9/26/2014,3403.7297N,11820.7216W,52.90,0.14,91.46,1,2,9,4983,52,74,76,60,154
5:26:10.0,9/26/2014,3403.7297N,11820.7207W,52.90,0.08,91.46,1,2,9,5045,52,73,76,60,153
5:26:11.0,9/26/2014,3403.7297N,11820.7207W,54.80,0.08,91.46,1,2,9,4983,52,74,76,60,153
5:26:11.0,9/26/2014,3403.7297N,11820.7207W,54.80,0.01,91.46,1,2,9,4983,52,74,76,60,154
5:26:12.0,9/26/2014,3403.7297N,11820.7207W,54.80,0.01,91.46,1,2,9,4983,52,74,76,60,153
5:26:13.0,9/26/2014,3403.7297N,11820.7207W,54.80,0.00,91.46,1,2,9,4983,52,74,76,60,154
5:26:14.0,9/26/2014,3403.7297N,11820.7207W,54.50,0.00,91.46,1,2,9,4983,52,74,76,60,154
5:26:14.0,9/26/2014,3403.7297N,11820.7207W,54.50,0.00,91.46,1,2,9,4949,52,76,77,61,156
5:26:15.0,9/26/2014,3403.7297N,11820.7207W,54.50,0.00,91.46,1,2,9,4932,54,77,79,62,159
5:26:16.0,9/26/2014,3403.7297N,11820.7207W,54.50,0.00,91.46,1,2,9,4900,54,79,80,63,162
5:26:17.0,9/26/2014,3403.7297N,11820.7207W,54.50,0.00,91.46,1,2,10,4932,54,77,79,62,162
5:26:17.0,9/26/2014,3403.7297N,11820.7207W,54.50,0.00,91.46,1,2,10,4807,50,69,72,55,149
5:26:18.0,9/26/2014,3403.7297N,11820.7207W,54.50,0.00,91.46,1,2,10,4840,50,67,71,54,147
5:26:19.0,9/26/2014,3403.7297N,11820.7207W,54.50,0.00,91.46,1,2,10,4812,50,66,70,53,145
5:26:20.0,9/26/2014,3403.7297N,11820.7207W,54.50,0.00,91.46,1,2,10,4867,51,68,72,55,149
5:26:21.0,9/26/2014,3403.7297N,11820.7197W,54.50,0.00,91.46,1,2,10,5064,69,113,109,90,208
5:26:22.0,9/26/2014,3403.7297N,11820.7197W,54.50,0.00,91.46,1,2,10,4827,61,92,91,72,182
5:26:23.0,9/26/2014,3403.7297N,11820.7197W,54.50,0.00,91.46,1,2,10,4486,50,66,69,50,148
5:26:23.0,9/26/2014,3403.7297N,11820.7197W,54.50,0.00,91.46,1,2,10,4430,48,58,63,44,139
5:26:24.0,9/26/2014,3403.7297N,11820.7197W,54.50,0.00,91.46,1,2,10,4394,45,56,60,42,136
5:26:25.0,9/26/2014,3403.7297N,11820.7197W,54.50,0.00,91.46,1,2,10,4370,47,56,61,42,137
5:26:26.0,9/26/2014,3403.7297N,11820.7197W,54.50,0.00,91.46,1,2,10,4370,47,56,61,42,137
5:26:27.0,9/26/2014,3403.7297N,11820.7197W,54.50,0.00,91.46,1,2,10,4394,45,56,60,42,137
5:26:28.0,9/26/2014,3403.7297N,11820.7197W,54.50,0.00,91.46,1,2,10,4394,45,56,60,42,137
5:26:29.0,9/26/2014,3403.7297N,11820.7197W,54.50,0.00,91.46,1,2,10,4370,47,56,61,42,137
5:26:30.0,9/26/2014,3403.7297N,11820.7197W,54.50,0.00,91.46,1,2,10,4279,46,56,60,41,137
5:26:31.0,9/26/2014,3403.7297N,11820.7197W,54.50,0.00,91.46,1,2,10,4279,46,56,60,41,137
5:26:32.0,9/26/2014,3403.7297N,11820.7197W,54.50,0.00,91.46,1,2,10,4279,46,56,60,41,136
5:26:32.0,9/26/2014,3403.7297N,11820.7197W,54.50,0.00,91.46,1,2,10,4231,47,55,60,40,137
5:26:33.0,9/26/2014,3403.7297N,11820.7197W,54.50,0.00,91.46,1,2,10,4231,47,55,60,40,138
5:26:34.0,9/26/2014,3403.7297N,11820.7197W,54.50,0.00,91.46,1,2,10,4231,47,55,60,40,138
5:26:35.0,9/26/2014,3403.7297N,11820.7197W,54.50,3.78,90.69,1,2,10,4261,48,56,61,41,141
5:26:36.0,9/26/2014,3403.7297N,11820.7177W,54.50,7.00,91.31,1,2,10,4748,39,42,50,35,109
5:26:37.0,9/26/2014,3403.7294N,11820.7148W,54.50,9.43,90.41,1,2,10,5086,32,38,44,33,95
5:26:38.0,9/26/2014,3403.7297N,11820.7109W,54.50,11.07,87.85,1,2,10,5357,28,33,39,30,82
5:26:39.0,9/26/2014,3403.7299N,11820.7070W,54.50,12.14,85.88,1,2,10,5127,45,62,66,52,127
5:26:40.0,9/26/2014,3403.7304N,11820.7021W,54.50,12.57,86.75,1,2,10,4421,58,70,76,53,159
5:26:41.0,9/26/2014,3403.7304N,11820.6982W,54.50,13.08,88.46,1,2,10,4401,46,51,58,39,128
5:26:42.0,9/26/2014,3403.7304N,11820.6933W,54.50,13.56,91.66,1,2,10,5464,24,30,34,27,70
5:26:43.0,9/26/2014,3403.7302N,11820.6884W,54.50,13.79,91.29,1,2,10,5809,31,49,50,43,92
5:26:44.0,9/26/2014,3403.7299N,11820.6835W,54.70,13.79,91.29,1,2,10,5189,30,35,41,31,80
5:26:44.0,9/26/2014,3403.7299N,11820.6835W,54.70,14.33,90.96,1,2,10,4972,34,37,44,32,88
5:26:45.0,9/26/2014,3403.7299N,11820.6787W,54.70,14.73,91.07,1,2,10,5161,32,33,41,30,82
5:26:46.0,9/26/2014,3403.7297N,11820.6738W,54.70,14.54,91.64,1,2,10,5197,42,39,52,37,108
5:26:47.0,9/26/2014,3403.7297N,11820.6689W,54.60,14.54,91.64,1,2,10,5729,23,32,35,29,69
5:26:47.0,9/26/2014,3403.7297N,11820.6689W,54.60,13.74,91.47,1,2,10,5581,23,33,35,29,67
5:26:48.0,9/26/2014,3403.7294N,11820.6650W,54.60,13.48,90.62,1,2,10,5549,20,25,29,23,57
5:26:49.0,9/26/2014,3403.7294N,11820.6601W,54.60,14.09,90.30,1,2,10,5118,28,30,37,27,74
5:26:50.0,9/26/2014,3403.7294N,11820.6552W,54.60,12.85,89.56,1,2,10,5033,36,37,46,33,94
5:26:51.0,9/26/2014,3403.7294N,11820.6513W,54.60,11.60,89.92,1,2,10,5337,31,35,42,32,88
5:26:52.0,9/26/2014,3403.7294N,11820.6474W,54.60,11.09,90.20,1,2,10,5477,27,33,38,30,81
5:26:53.0,9/26/2014,3403.7292N,11820.6435W,54.80,11.09,90.20,1,2,10,5567,25,32,36,29,79
5:26:53.0,9/26/2014,3403.7292N,11820.6435W,54.80,11.17,89.76,1,2,10,5580,26,36,39,32,87
5:26:54.0,9/26/2014,3403.7292N,11820.6396W,54.80,12.00,89.80,1,2,10,5318,27,45,44,37,99
5:26:55.0,9/26/2014,3403.7292N,11820.6357W,54.80,12.98,90.28,1,2,10,5098,29,46,45,37,101
5:26:56.0,9/26/2014,3403.7290N,11820.6318W,54.80,14.60,90.63,1,2,10,3957,27,50,43,33,105
5:26:57.0,9/26/2014,3403.7290N,11820.6259W,54.80,15.53,91.04,1,2,10,3420,30,58,47,34,118
5:26:58.0,9/26/2014,3403.7290N,11820.6220W,54.80,12.96,84.72,1,2,10,4108,28,50,44,34,103
5:26:59.0,9/26/2014,3403.7294N,11820.6181W,54.80,7.27,75.61,1,2,10,4930,25,36,37,29,78
5:27:0.0,9/26/2014,3403.7297N,11820.6152W,54.80,11.20,82.79,1,2,10,4892,32,40,44,33,90
5:27:1.0,9/26/2014,3403.7299N,11820.6103W,54.80,12.58,88.94,1,2,10,4726,43,49,56,40,113
5:27:2.0,9/26/2014,3403.7294N,11820.6064W,57.40,12.58,88.94,1,2,9,4860,57,69,77,57,147
5:27:2.0,9/26/2014,3403.7294N,11820.6064W,57.40,12.61,101.73,1,2,9,5139,45,59,64,50,121
5:27:3.0,9/26/2014,3403.7287N,11820.6015W,57.40,13.93,96.40,1,2,9,5236,35,50,52,42,98
5:27:4.0,9/26/2014,3403.7290N,11820.5966W,57.40,15.23,112.40,1,2,9,5593,35,58,57,49,103
5:27:5.0,9/26/2014,3403.7285N,11820.5927W,57.40,11.12,104.11,1,2,9,5134,73,94,103,80,200
5:27:6.0,9/26/2014,3403.7282N,11820.5888W,57.40,8.80,88.01,1,2,9,4830,81,97,109,80,215
5:27:7.0,9/26/2014,3403.7277N,11820.5859W,57.40,8.04,108.09,1,2,9,5004,69,92,98,76,192
5:27:8.0,9/26/2014,3403.7265N,11820.5820W,57.40,7.60,106.74,1,2,9,5531,45,56,64,51,130
5:27:9.0,9/26/2014,3403.7250N,11820.5791W,57.40,9.83,123.71,1,2,9,5931,25,28,35,28,77
5:27:10.0,9/26/2014,3403.7236N,11820.5771W,57.40,4.36,149.87,1,2,9,5544,29,30,38,29,89
5:27:11.0,9/26/2014,3403.7221N,11820.5771W,57.40,5.51,165.88,1,2,9,5067,31,39,43,33,114
5:27:12.0,9/26/2014,3403.7207N,11820.5761W,57.40,5.06,177.24,1,2,9,5202,25,31,35,27,92
5:27:13.0,9/26/2014,3403.7187N,11820.5761W,57.40,5.99,178.85,1,2,9,5494,15,14,19,14,47
5:27:14.0,9/26/2014,3403.7170N,11820.5771W,57.40,5.83,175.32,1,2,9,5622,7,10,11,9,25
5:27:15.0,9/26/2014,3403.7150N,11820.5761W,57.40,7.22,161.46,1,2,9,6007,12,25,23,21,43
5:27:16.0,9/26/2014,3403.7126N,11820.5761W,57.40,8.30,174.86,1,2,9,6016,33,75,65,61,110
5:27:17.0,9/26/2014,3403.7099N,11820.5761W,57.40,10.21,171.13,1,2,9,6277,30,69,60,57,102
5:27:18.0,9/26/2014,3403.7067N,11820.5761W,57.40,10.24,168.53,1,2,9,5961,25,49,45,41,80
5:27:19.0,9/26/2014,3403.7038N,11820.5771W,57.40,10.01,161.53,1,2,9,5871,25,43,42,37,81
5:27:20.0,9/26/2014,3403.7014N,11820.5771W,57.40,10.00,165.44,1,2,9,5816,22,34,35,30,70
5:27:21.0,9/26/2014,3403.6984N,11820.5781W,57.40,10.89,170.52,1,2,9,5843,16,31,29,26,54
5:27:22.0,9/26/2014,3403.6950N,11820.5791W,57.40,12.56,194.61,1,2,9,5683,10,18,17,15,32
5:27:23.0,9/26/2014,3403.6914N,11820.5810W,57.40,13.24,189.05,1,2,9,4696,8,10,11,8,24
5:27:24.0,9/26/2014,3403.6875N,11820.5820W,57.40,14.76,202.69,1,2,9,5931,7,8,10,8,23
5:27:25.0,9/26/2014,3403.6835N,11820.5849W,57.40,15.57,206.30,1,2,9,5054,14,16,19,14,46
5:27:26.0,9/26/2014,3403.6794N,11820.5869W,57.40,15.99,205.75,1,2,9,5447,14,18,20,16,50
5:27:27.0,9/26/2014,3403.6755N,11820.5898W,57.40,14.31,199.40,1,2,9,5012,9,12,13,10,27
5:27:28.0,9/26/2014,3403.6716N,11820.5917W,57.40,13.32,196.41,1,2,9,4405,13,19,19,14,41
5:27:29.0,9/26/2014,3403.6672N,11820.5947W,57.40,14.62,196.86,1,2,9,5703,9,10,13,10,32
5:27:30.0,9/26/2014,3403.6630N,11820.5966W,57.40,14.59,197.04,1,2,9,5361,21,21,27,20,71
5:27:31.0,9/26/2014,3403.6589N,11820.5986W,65.10,14.59,197.04,1,2,10,4802,41,55,58,44,161
5:27:31.0,9/26/2014,3403.6589N,11820.5986W,65.10,15.31,195.27,1,2,10,5576,12,12,16,12,40
5:27:32.0,9/26/2014,3403.6542N,11820.6005W,65.10,15.86,197.99,1,2,10,4902,8,8,10,7,25
5:27:33.0,9/26/2014,3403.6501N,11820.6025W,65.10,15.69,197.70,1,2,10,4665,10,11,13,9,31
5:27:34.0,9/26/2014,3403.6457N,11820.6044W,65.10,15.62,195.44,1,2,10,5038,5,7,8,6,19
5:27:35.0,9/26/2014,3403.6420N,11820.6064W,65.10,13.75,198.06,1,2,10,4938,18,23,25,19,66
5:27:36.0,9/26/2014,3403.6374N,11820.6074W,65.10,16.53,190.53,1,2,10,4587,19,26,27,20,72
5:27:37.0,9/26/2014,3403.6350N,11820.6093W,65.10,16.53,190.53,1,2,10,5054,14,16,19,14,47
5:27:37.0,9/26/2014,3403.6350N,11820.6093W,65.10,9.14,197.28,1,2,10,5357,9,11,13,10,31
5:27:38.0,9/26/2014,3403.6330N,11820.6103W,65.10,6.92,204.52,1,2,10,5447,7,9,10,8,23
5:27:39.0,9/26/2014,3403.6320N,11820.6113W,65.10,3.28,202.95,1,2,10,5447,7,9,10,8,21
5:27:40.0,9/26/2014,3403.6311N,11820.6123W,65.50,3.28,202.95,1,2,10,4967,6,10,10,8,21
5:27:40.0,9/26/2014,3403.6311N,11820.6123W,65.50,0.05,202.95,1,2,10,5622,7,10,11,9,22
5:27:41.0,9/26/2014,3403.6311N,11820.6132W,65.50,0.06,202.95,1,2,10,5507,8,13,13,11,25
5:27:42.0,9/26/2014,3403.6308N,11820.6132W,65.50,0.23,202.95,1,2,10,5253,6,8,9,7,20
5:27:43.0,9/26/2014,3403.6308N,11820.6152W,65.50,4.55,277.63,1,2,10,5253,6,8,9,7,19
5:27:44.0,9/26/2014,3403.6301N,11820.6181W,65.50,8.97,256.36,1,2,10,6457,4,6,7,6,17
5:27:45.0,9/26/2014,3403.6306N,11820.6220W,65.50,11.12,278.31,1,2,10,5065,8,9,11,8,25
5:27:46.0,9/26/2014,3403.6306N,11820.6259W,65.50,12.99,273.19,1,2,10,4845,23,28,31,23,82
5:27:47.0,9/26/2014,3403.6306N,11820.6308W,65.50,14.70,267.49,1,2,10,4902,8,8,10,7,24
5:27:48.0,9/26/2014,3403.6306N,11820.6357W,65.50,15.71,271.61,1,2,10,4797,5,6,7,5,17
5:27:49.0,9/26/2014,3403.6306N,11820.6416W,61.10,15.71,271.61,1,2,10,6457,4,6,7,6,17
5:27:49.0,9/26/2014,3403.6306N,11820.6416W,61.10,15.25,274.06,1,2,10,5576,9,9,12,9,28
5:27:50.0,9/26/2014,3403.6311N,11820.6464W,61.10,14.64,271.12,1,2,10,4860,22,25,29,21,76
5:27:51.0,9/26/2014,3403.6306N,11820.6513W,61.10,13.77,272.89,1,2,10,4772,23,30,32,24,84
5:27:52.0,9/26/2014,3403.6306N,11820.6562W,59.60,13.77,272.89,1,2,9,5183,14,14,18,13,44
5:27:52.0,9/26/2014,3403.6306N,11820.6562W,59.60,12.49,269.74,1,2,9,5438,8,8,11,8,25
5:27:53.0,9/26/2014,3403.6320N,11820.6601W,59.60,10.86,271.31,1,2,9,5196,11,12,15,11,36
5:27:54.0,9/26/2014,3403.6318N,11820.6630W,59.60,8.16,261.69,1,2,9,5521,16,18,22,17,55
5:27:55.0,9/26/2014,3403.6311N,11820.6650W,58.20,8.16,261.69,1,2,9,4978,26,32,36,27,94
5:27:55.0,9/26/2014,3403.6311N,11820.6650W,58.20,5.52,256.56,1,2,9,4663,29,40,41,31,112
5:27:56.0,9/26/2014,3403.6311N,11820.6669W,58.20,3.44,278.33,1,2,9,5027,21,26,29,22,77
5:27:57.0,9/26/2014,3403.6311N,11820.6679W,58.20,0.12,278.33,1,2,9,5320,19,25,28,22,75
5:27:58.0,9/26/2014,3403.6303N,11820.6679W,58.20,0.01,278.33,1,2,9,5253,19,24,27,21,72
5:27:59.0,9/26/2014,3403.6303N,11820.6679W,58.20,0.04,278.33,1,2,9,5114,21,24,28,21,74
5:28:0.0,9/26/2014,3403.6303N,11820.6679W,58.20,0.00,278.33,1,2,9,5027,21,26,29,22,76
5:28:1.0,9/26/2014,3403.6303N,11820.6679W,58.20,0.00,278.33,1,2,9,5385,20,26,29,23,77
5:28:1.0,9/26/2014,3403.6303N,11820.6679W,58.20,0.01,278.33,1,2,9,5320,19,25,28,22,76
5:28:2.0,9/26/2014,3403.6306N,11820.6679W,58.20,0.00,278.33,1,2,9,5385,20,26,29,23,77
5:28:3.0,9/26/2014,3403.6306N,11820.6679W,58.20,0.00,278.33,1,2,9,5090,21,27,30,23,78
5:28:4.0,9/26/2014,3403.6306N,11820.6679W,58.20,0.00,278.33,1,2,9,5385,20,26,29,23,77
5:28:5.0,9/26/2014,3403.6306N,11820.6679W,58.20,0.00,278.33,1,2,9,5027,21,26,29,22,76
5:28:6.0,9/26/2014,3403.6303N,11820.6679W,58.20,0.01,278.33,1,2,9,5177,21,25,29,22,76
5:28:7.0,9/26/2014,3403.6306N,11820.6679W,58.20,0.01,278.33,1,2,9,5177,21,25,29,22,76
5:28:8.0,9/26/2014,3403.6303N,11820.6679W,58.20,0.01,278.33,1,2,9,5238,22,26,30,23,78
5:28:9.0,9/26/2014,3403.6303N,11820.6679W,58.20,0.01,278.33,1,2,9,5320,19,25,28,22,76
5:28:10.0,9/26/2014,3403.6303N,11820.6679W,58.10,0.01,278.33,1,2,8,5114,21,24,28,21,76
5:28:10.0,9/26/2014,3403.6303N,11820.6679W,58.10,0.04,278.33,1,2,8,5253,19,24,27,21,74
5:28:11.0,9/26/2014,3403.6303N,11820.6679W,58.10,2.58,278.33,1,2,8,5328,21,24,29,22,71
5:28:12.0,9/26/2014,3403.6303N,11820.6699W,58.10,5.77,272.32,1,2,8,5396,18,19,24,18,59
5:28:13.0,9/26/2014,3403.6306N,11820.6718W,58.10,8.42,272.74,1,2,8,6082,15,18,22,18,54
5:28:14.0,9/26/2014,3403.6306N,11820.6757W,58.10,10.21,270.79,1,2,8,5877,21,23,29,23,73
5:28:15.0,9/26/2014,3403.6306N,11820.6787W,58.10,12.17,268.86,1,2,8,5759,32,31,42,32,106
5:28:16.0,9/26/2014,3403.6306N,11820.6835W,58.10,14.09,269.31,1,2,8,5691,33,33,43,33,109
5:28:17.0,9/26/2014,3403.6301N,11820.6884W,58.10,16.51,262.29,1,2,8,4960,17,20,23,17,55
5:28:18.0,9/26/2014,3403.6296N,11820.6943W,58.10,17.92,267.47,1,2,8,4825,9,14,14,11,33
5:28:19.0,9/26/2014,3403.6293N,11820.7011W,55.60,17.92,267.47,1,2,8,4967,3,5,5,4,12
5:28:19.0,9/26/2014,3403.6293N,11820.7011W,55.60,18.99,269.09,1,2,8,5289,8,7,10,7,24
5:28:20.0,9/26/2014,3403.6293N,11820.7070W,55.60,19.41,270.02,1,2,8,5299,20,20,26,19,69
5:28:21.0,9/26/2014,3403.6296N,11820.7138W,55.60,19.47,271.64,1,2,8,5142,17,19,23,17,62
5:28:22.0,9/26/2014,3403.6298N,11820.7207W,55.60,19.52,272.25,1,2,8,3942,2,3,3,2,9
5:28:23.0,9/26/2014,3403.6301N,11820.7275W,55.60,19.56,271.43,1,2,8,8890,0,1,1,1,2
5:28:24.0,9/26/2014,3403.6303N,11820.7343W,55.60,19.56,271.54,1,2,8,8890,0,1,1,1,4
5:28:25.0,9/26/2014,3403.6308N,11820.7421W,55.60,19.56,271.54,1,2,9,5127,2,2,3,2,8
5:28:25.0,9/26/2014,3403.6308N,11820.7421W,55.60,26.93,277.81,1,2,9,5183,14,14,18,13,48
5:28:26.0,9/26/2014,3403.6315N,11820.7500W,55.60,24.49,274.30,1,2,9,5494,15,14,19,14,51
5:28:27.0,9/26/2014,3403.6320N,11820.7578W,55.60,23.54,274.80,1,2,9,5140,20,21,26,19,70
5:28:28.0,9/26/2014,3403.6323N,11820.7656W,58.40,23.54,274.80,1,2,9,5049,20,23,27,20,75
5:28:28.0,9/26/2014,3403.6323N,11820.7656W,58.40,24.52,274.32,1,2,9,4725,7,7,9,6,23
5:28:29.0,9/26/2014,3403.6325N,11820.7734W,58.40,25.61,273.93,1,2,9,5576,3,3,4,3,9
5:28:30.0,9/26/2014,3403.6328N,11820.7812W,58.40,25.34,272.89,1,2,9,5365,5,5,7,5,18
5:28:31.0,9/26/2014,3403.6323N,11820.7871W,65.50,25.34,272.89,1,2,9,4956,10,10,13,9,35
5:28:31.0,9/26/2014,3403.6323N,11820.7871W,65.50,23.35,271.38,1,2,9,4902,8,8,10,7,25
5:28:32.0,9/26/2014,3403.6320N,11820.7949W,65.50,23.13,270.46,1,2,9,3942,2,3,3,2,6
5:28:33.0,9/26/2014,3403.6320N,11820.8017W,65.50,23.57,269.07,1,2,9,8890,1,2,2,2,6
5:28:34.0,9/26/2014,3403.6318N,11820.8095W,65.50,23.63,267.54,1,2,9,4220,4,4,5,3,12
5:28:35.0,9/26/2014,3403.6313N,11820.8173W,65.50,23.62,265.46,1,2,9,5099,19,17,23,16,60
5:28:36.0,9/26/2014,3403.6311N,11820.8242W,65.50,22.92,266.18,1,2,9,5396,18,19,24,18,65
5:28:37.0,9/26/2014,3403.6306N,11820.8310W,65.50,23.85,260.41,1,2,9,5576,6,6,8,6,22
5:28:38.0,9/26/2014,3403.6301N,11820.8378W,65.50,22.99,266.05,1,2,9,5576,6,6,8,6,22
5:28:39.0,9/26/2014,3403.6303N,11820.8447W,65.50,23.30,267.12,1,2,9,4956,10,10,13,9,35
5:28:40.0,9/26/2014,3403.6306N,11820.8525W,72.80,23.30,267.12,1,2,10,5576,3,3,4,3,11
5:28:40.0,9/26/2014,3403.6306N,11820.8525W,72.80,22.97,269.09,1,2,10,6219,4,5,6,5,17
5:28:41.0,9/26/2014,3403.6313N,11820.8593W,72.80,24.42,271.51,1,2,10,5251,17,17,22,16,59
5:28:42.0,9/26/2014,3403.6318N,11820.8671W,72.80,24.77,269.38,1,2,10,5315,16,19,22,17,61
5:28:43.0,9/26/2014,3403.6318N,11820.8759W,72.80,24.36,267.64,1,2,10,5012,9,12,13,10,36
5:28:44.0,9/26/2014,3403.6318N,11820.8828W,72.80,23.78,267.55,1,2,10,4685,9,8,11,7,28
5:28:45.0,9/26/2014,3403.6318N,11820.8906W,72.80,23.22,269.27,1,2,10,5931,3,4,5,4,14
5:28:46.0,9/26/2014,3403.6320N,11820.8984W,71.20,23.22,269.27,1,2,10,5438,8,8,11,8,29
5:28:46.0,9/26/2014,3403.6320N,11820.8984W,71.20,21.95,269.88,1,2,10,5177,21,25,29,22,80
5:28:47.0,9/26/2014,3403.6323N,11820.9052W,71.20,22.27,269.52,1,2,10,4967,3,5,5,4,13
5:28:48.0,9/26/2014,3403.6328N,11820.9121W,71.20,20.42,279.00,1,2,10,3942,2,3,3,2,6
5:28:49.0,9/26/2014,3403.6328N,11820.9179W,68.60,20.42,279.00,1,2,10,8890,1,3,3,3,5
5:28:49.0,9/26/2014,3403.6328N,11820.9179W,68.60,10.30,252.72,1,2,10,8890,1,2,2,2,4
5:28:50.0,9/26/2014,3403.6325N,11820.9208W,68.60,8.19,251.98,1,2,10,3242,1,2,2,1,4
5:28:51.0,9/26/2014,3403.6328N,11820.9228W,68.60,4.83,253.98,1,2,10,5576,3,3,4,3,11
5:28:52.0,9/26/2014,3403.6342N,11820.9257W,68.60,8.55,309.22,1,2,10,5127,5,4,6,4,14
5:28:53.0,9/26/2014,3403.6359N,11820.9277W,68.60,9.09,324.03,1,2,10,5763,6,7,9,7,24
5:28:54.0,9/26/2014,3403.6386N,11820.9287W,68.60,10.24,348.14,1,2,10,5183,14,14,18,13,47
5:28:55.0,9/26/2014,3403.6416N,11820.9287W,68.60,10.79,8.48,1,2,10,5410,12,14,17,13,46
5:28:56.0,9/26/2014,3403.6450N,11820.9277W,68.60,12.78,15.82,1,2,10,4797,5,6,7,5,19
5:28:57.0,9/26/2014,3403.6494N,11820.9267W,68.60,17.00,2.97,1,2,10,5576,3,3,4,3,10
5:28:58.0,9/26/2014,3403.6542N,11820.9267W,54.70,17.00,2.97,1,2,10,5127,2,2,3,2,7
5:28:58.0,9/26/2014,3403.6542N,11820.9267W,54.70,18.85,355.57,1,2,10,6219,4,5,6,5,15
5:28:59.0,9/26/2014,3403.6601N,11820.9257W,54.70,23.01,1.80,1,2,10,4797,10,12,14,10,37
5:29:0.0,9/26/2014,3403.6665N,11820.9257W,54.70,24.33,0.78,1,2,10,4938,22,23,28,20,75
5:29:1.0,9/26/2014,3403.6704N,11820.9238W,58.20,24.33,0.78,1,2,10,5183,14,14,18,13,47
5:29:1.0,9/26/2014,3403.6704N,11820.9238W,58.20,18.79,3.86,1,2,10,8890,1,3,3,3,9
5:29:2.0,9/26/2014,3403.6745N,11820.9218W,58.20,17.78,6.56,1,2,10,8890,1,2,2,2,6
5:29:3.0,9/26/2014,3403.6796N,11820.9199W,58.20,16.51,6.44,1,2,10,5576,3,3,4,3,11
5:29:4.0,9/26/2014,3403.6840N,11820.9189W,58.20,15.48,12.13,1,2,10,5438,8,8,11,8,27
5:29:5.0,9/26/2014,3403.6882N,11820.9169W,58.20,14.79,12.33,1,2,10,5931,7,8,10,8,26
5:29:6.0,9/26/2014,3403.6923N,11820.9160W,58.20,14.21,9.55,1,2,10,6219,4,5,6,5,14
5:29:7.0,9/26/2014,3403.6960N,11820.9150W,64.10,14.21,9.55,1,2,10,4508,2,4,4,3,7
5:29:7.0,9/26/2014,3403.6960N,11820.9150W,64.10,12.73,2.85,1,2,10,5883,1,4,3,3,5
5:29:8.0,9/26/2014,3403.6992N,11820.9150W,64.10,10.88,5.67,1,2,10,8890,2,5,5,5,7
5:29:9.0,9/26/2014,3403.7019N,11820.9130W,64.10,11.41,49.01,1,2,10,6144,5,9,9,8,18
5:29:10.0,9/26/2014,3403.7036N,11820.9130W,66.80,11.41,49.01,1,2,10,5164,7,11,11,9,22
5:29:10.0,9/26/2014,3403.7036N,11820.9130W,66.80,6.11,48.49,1,2,10,5721,11,14,16,13,33
5:29:11.0,9/26/2014,3403.7045N,11820.9111W,66.80,5.14,56.22,1,2,10,5353,13,17,19,15,41
5:29:12.0,9/26/2014,3403.7050N,11820.9101W,66.80,4.19,65.49,1,2,10,5544,17,22,25,20,57
5:29:13.0,9/26/2014,3403.7055N,11820.9082W,66.80,3.98,66.50,1,2,10,5681,18,24,27,22,61
5:29:14.0,9/26/2014,3403.7065N,11820.9082W,66.80,3.07,44.15,1,2,10,5596,16,19,23,18,57
5:29:15.0,9/26/2014,3403.7072N,11820.9082W,66.80,2.87,44.15,1,2,10,5396,18,19,24,18,58
5:29:16.0,9/26/2014,3403.7080N,11820.9072W,61.80,2.87,44.15,1,2,10,5798,17,18,23,18,56
5:29:16.0,9/26/2014,3403.7080N,11820.9072W,61.80,2.53,44.15,1,2,10,6009,15,17,21,17,52
5:29:17.0,9/26/2014,3403.7084N,11820.9072W,61.80,3.14,18.56,1,2,10,5360,15,16,20,15,48
5:29:18.0,9/26/2014,3403.7094N,11820.9062W,61.80,4.07,31.23,1,2,10,5274,14,15,19,14,46
5:29:19.0,9/26/2014,3403.7106N,11820.9062W,61.80,5.41,30.66,1,2,10,5931,10,12,15,12,37
5:29:20.0,9/26/2014,3403.7124N,11820.9052W,61.80,7.01,14.86,1,2,10,5576,6,6,8,6,18
5:29:21.0,9/26/2014,3403.7138N,11820.9033W,61.80,8.23,3.43,1,2,10,6219,4,5,6,5,14
5:29:22.0,9/26/2014,3403.7160N,11820.9033W,60.30,8.23,3.43,1,2,8,4967,3,5,5,4,11
5:29:22.0,9/26/2014,3403.7160N,11820.9033W,60.30,10.16,338.41,1,2,8,8890,2,4,4,4,9
5:29:23.0,9/26/2014,3403.7182N,11820.9033W,60.30,8.79,350.64,1,2,8,4508,2,4,4,3,8
5:29:24.0,9/26/2014,3403.7202N,11820.9023W,60.30,9.37,348.01,1,2,8,4508,2,4,4,3,9
5:29:25.0,9/26/2014,3403.7224N,11820.9023W,60.30,10.00,354.23,1,2,8,6219,4,5,6,5,14
5:29:26.0,9/26/2014,3403.7255N,11820.9023W,60.30,9.58,21.19,1,2,8,6219,8,10,12,10,30
5:29:27.0,9/26/2014,3403.7290N,11820.9013W,60.30,10.96,16.33,1,2,8,5444,22,26,31,24,79
5:29:28.0,9/26/2014,3403.7324N,11820.9003W,67.10,10.96,16.33,1,2,8,5501,31,40,45,36,118
5:29:28.0,9/26/2014,3403.7324N,11820.9003W,67.10,11.62,2.05,1,2,8,5358,34,38,46,35,115
5:29:29.0,9/26/2014,3403.7360N,11820.9003W,67.10,12.66,357.83,1,2,8,5164,29,31,38,28,89
5:29:30.0,9/26/2014,3403.7399N,11820.8994W,67.10,14.23,352.39,1,2,8,5196,23,24,30,22,67
5:29:31.0,9/26/2014,3403.7436N,11820.9003W,67.10,14.74,350.53,1,2,8,5282,31,29,39,28,83
5:29:32.0,9/26/2014,3403.7473N,11820.9003W,67.10,14.02,351.02,1,2,8,5251,34,34,44,32,102
5:29:33.0,9/26/2014,3403.7504N,11820.9003W,67.10,13.94,352.25,1,2,8,5242,33,35,43,32,108
5:29:34.0,9/26/2014,3403.7539N,11820.9003W,76.70,13.94,352.25,1,2,9,5145,30,34,40,30,103
5:29:34.0,9/26/2014,3403.7539N,11820.9003W,76.70,13.15,355.43,1,2,9,5587,29,31,39,30,100
5:29:35.0,9/26/2014,3403.7570N,11820.9003W,76.70,12.97,354.97,1,2,9,5440,33,33,43,32,108
5:29:36.0,9/26/2014,3403.7597N,11820.9003W,76.70,11.24,359.07,1,2,9,5477,34,34,44,33,109
5:29:37.0,9/26/2014,3403.7629N,11820.9003W,81.90,11.24,359.07,1,2,10,5808,36,36,48,37,119
5:29:37.0,9/26/2014,3403.7629N,11820.9003W,81.90,10.92,358.45,1,2,10,6305,52,56,72,59,171
5:29:38.0,9/26/2014,3403.7658N,11820.8994W,81.90,9.81,359.05,1,2,10,6511,58,67,83,70,203
5:29:39.0,9/26/2014,3403.7683N,11820.8994W,81.90,8.18,354.63,1,2,10,6456,61,78,91,78,227
5:29:40.0,9/26/2014,3403.7683N,11820.8994W,81.90,0.14,354.63,1,2,10,6455,70,98,109,95,276
5:29:41.0,9/26/2014,3403.7702N,11820.8974W,81.90,0.29,354.63,1,2,10,6070,82,118,127,109,322
5:29:42.0,9/26/2014,3403.7707N,11820.8964W,81.90,0.32,354.63,1,2,10,6062,78,113,121,104,307
5:29:43.0,9/26/2014,3403.7717N,11820.8945W,77.00,0.32,354.63,1,2,10,5895,82,118,126,107,320
5:29:43.0,9/26/2014,3403.7717N,11820.8945W,77.00,5.26,133.59,1,2,10,6027,69,102,108,93,276
5:29:44.0,9/26/2014,3403.7724N,11820.8925W,77.00,5.84,136.32,1,2,10,6825,51,80,85,77,218
5:29:45.0,9/26/2014,3403.7717N,11820.8906W,77.00,5.81,130.70,1,2,10,6813,49,74,80,72,199
5:29:46.0,9/26/2014,3403.7712N,11820.8886W,77.00,4.56,114.84,1,2,10,7120,36,57,61,56,147
5:29:47.0,9/26/2014,3403.7722N,11820.8876W,77.00,5.40,62.36,1,2,10,7866,16,31,31,30,72
5:29:48.0,9/26/2014,3403.7736N,11820.8857W,77.00,6.10,32.29,1,2,10,7610,13,24,24,23,56
